{
  "v1_run_id": "4db7fea5b959427bb1b6f4ff3c7e0283",
  "v2_run_id": "f636f1cc10014186b70b5fba6cc6a532",
  "v1_rmse": 1.6993628494128794,
  "v2_rmse": 1.671767422223636,
  "v1_mae": 1.3057589433148622,
  "v2_mae": 1.3021452049159206,
  "v1_r2": 0.9526885959300516,
  "v2_r2": 0.9129007533223281,
  "rmse_delta": -0.02759542718924335,
  "mae_delta": -0.003613738398941635,
  "r2_delta": -0.0397878426077235,
  "recommendation": "PROMOTE v2 model \u2014 improved on new data"
}